playerId,displayName,clubId,birthDate,field,oldValue,newValue,fieldSource,curator,date,reason
p-cbf-750895,Arthur Monteiro,br-athletico-pr,2009-09-10,position,,,curadoria,,,
p-cbf-757158,Arthur Sehn,br-athletico-pr,2009-05-15,position,,,curadoria,,,
p-cbf-667112,Bruninho,br-athletico-pr,2008-08-16,position,,,curadoria,,,
p-cbf-753514,claudio,br-athletico-pr,2005-10-26,position,,,curadoria,,,
p-cbf-307134,Gilberto,br-athletico-pr,1993-03-07,position,,,curadoria,,,
p-cbf-653061,Gilberto,br-athletico-pr,2005-03-27,position,,,curadoria,,,
p-cbf-689146,Isaac,br-athletico-pr,2004-04-24,position,,,curadoria,,,
p-cbf-536286,Julimar,br-athletico-pr,2001-01-25,position,,,curadoria,,,
p-cbf-346294,Léo,br-athletico-pr,1996-03-06,position,,,curadoria,,,
p-cbf-451607,Luiz Fernando,br-athletico-pr,1996-10-16,position,,,curadoria,,,
p-cbf-779299,Maksym,br-athletico-pr,2006-04-09,position,,,curadoria,,,
p-cbf-446399,Raul,br-athletico-pr,1996-07-11,position,,,curadoria,,,
p-cbf-531455,Renan,br-athletico-pr,2000-02-21,position,,,curadoria,,,
p-cbf-758598,Vitinho,br-athletico-pr,2007-04-19,position,,,curadoria,,,
p-cbf-797341,Guilherme Pires,br-atletico-mg,2009-07-25,position,,,curadoria,,,
p-cbf-775631,Hendel,br-atletico-mg,2008-04-03,position,,,curadoria,,,
p-cbf-731748,João Pedro Porto,br-atletico-mg,2008-04-05,position,,,curadoria,,,
p-cbf-699115,Júnior Alonso,br-atletico-mg,1993-02-09,position,,,curadoria,,,
p-cbf-705173,Kaio,br-atletico-mg,2008-05-03,position,,,curadoria,,,
p-cbf-355960,Leonardo,br-atletico-mg,1996-07-17,position,,,curadoria,,,
p-cbf-926056,LUIS,br-atletico-mg,2006-03-24,position,,,curadoria,,,
p-cbf-694900,Mateus Iseppe,br-atletico-mg,2006-05-02,position,,,curadoria,,,
p-cbf-747806,Murillo,br-atletico-mg,2006-07-21,position,,,curadoria,,,
p-cbf-653244,Pedro Henrique,br-atletico-mg,2006-04-19,position,,,curadoria,,,
p-cbf-896750,Roman Hurtado,br-atletico-mg,2006-07-12,position,,,curadoria,,,
p-cbf-711256,Samuel,br-atletico-mg,2006-02-09,position,,,curadoria,,,
p-cbf-706135,Vitor Fernandes,br-atletico-mg,2008-03-04,position,,,curadoria,,,
p-cbf-696436,Wanderson Junior,br-atletico-mg,2007-10-17,position,,,curadoria,,,
p-cbf-777545,Caio Suassuna,br-bahia,2007-03-23,position,,,curadoria,,,
p-cbf-718778,Dell,br-bahia,2008-06-09,position,,,curadoria,,,
p-cbf-824388,Fabio,br-bahia,2008-01-09,position,,,curadoria,,,
p-cbf-699506,Fredi,br-bahia,2006-05-23,position,,,curadoria,,,
p-cbf-547837,Gabriel Xavier,br-bahia,2001-05-06,position,,,curadoria,,,
p-cbf-713419,Iuri,br-bahia,2007-02-11,position,,,curadoria,,,
p-cbf-894406,Ramos Mingo,br-bahia,2001-11-21,position,,,curadoria,,,
p-cbf-315696,Rezende,br-bahia,1995-01-02,position,,,curadoria,,,
p-cbf-673256,Sidney,br-bahia,2006-03-12,position,,,curadoria,,,
p-cbf-632350,Victor,br-bahia,2006-05-03,position,,,curadoria,,,
p-cbf-730775,Wendel,br-bahia,2006-02-28,position,,,curadoria,,,
p-cbf-518820,Arthur,br-botafogo,1998-04-25,position,,,curadoria,,,
p-cbf-526215,Arthur,br-botafogo,2001-01-29,position,,,curadoria,,,
p-cbf-719167,Arthur,br-botafogo,2007-06-29,position,,,curadoria,,,
p-cbf-785060,Arthur,br-botafogo,2008-09-16,position,,,curadoria,,,
p-cbf-825297,Bastos,br-botafogo,1991-03-27,position,,,curadoria,,,
p-cbf-439475,Batista,br-botafogo,1998-06-03,position,,,curadoria,,,
p-cbf-752058,CAIO,br-botafogo,2007-10-11,position,,,curadoria,,,
p-cbf-546406,Caio Roque,br-botafogo,2002-01-09,position,,,curadoria,,,
p-cbf-678667,Carlos Santos,br-botafogo,2005-08-16,position,,,curadoria,,,
p-cbf-929300,Chris Ramos,br-botafogo,1997-01-16,position,,,curadoria,,,
p-cbf-694250,CLEBER,br-botafogo,2007-02-22,position,,,curadoria,,,
p-cbf-919478,Cristhian Loor,br-botafogo,2006-03-09,position,,,curadoria,,,
p-cbf-716665,GABRIEL,br-botafogo,2006-04-16,position,,,curadoria,,,
p-cbf-720656,Gabriel Abdias,br-botafogo,2006-06-19,position,,,curadoria,,,
p-cbf-816344,HERICK,br-botafogo,2009-03-02,position,,,curadoria,,,
p-cbf-945244,Jhoan Hernandez,br-botafogo,2006-02-20,position,,,curadoria,,,
p-cbf-919918,Joaquin Correa,br-botafogo,1994-08-13,position,,,curadoria,,,
p-cbf-523801,Leo Linck,br-botafogo,2001-03-03,position,,,curadoria,,,
p-cbf-687318,Marquinhos,br-botafogo,2007-02-15,position,,,curadoria,,,
p-cbf-656191,Nathan Fernandes,br-botafogo,2005-02-16,position,,,curadoria,,,
p-cbf-167605,Neto,br-botafogo,1989-07-19,position,,,curadoria,,,
p-cbf-707296,RHYAN,br-botafogo,2006-01-03,position,,,curadoria,,,
p-cbf-896991,Santiago,br-botafogo,2000-01-08,position,,,curadoria,,,
p-cbf-763827,Victor Hugo,br-botafogo,2009-08-22,position,,,curadoria,,,
p-cbf-678690,Wallace Davi,br-botafogo,2007-05-10,position,,,curadoria,,,
p-cbf-555158,Ythallo,br-botafogo,2004-07-22,position,,,curadoria,,,
p-cbf-851051,Breno,br-bragantino,2008-06-25,position,,,curadoria,,,
p-cbf-757787,Chrystian,br-bragantino,2007-03-31,position,,,curadoria,,,
p-cbf-419374,Eduardo,br-bragantino,1997-11-28,position,,,curadoria,,,
p-cbf-731998,Filipe,br-bragantino,2006-02-13,position,,,curadoria,,,
p-cbf-320839,Gabriel Girotto,br-bragantino,1992-07-10,position,,,curadoria,,,
p-cbf-748961,Jhuan Nunes,br-bragantino,2007-06-03,position,,,curadoria,,,
p-cbf-754215,João Gabriel,br-bragantino,2008-07-23,position,,,curadoria,,,
p-cbf-646535,Kevyn,br-bragantino,2005-09-13,position,,,curadoria,,,
p-cbf-699606,Marcos,br-bragantino,2008-03-02,position,,,curadoria,,,
p-cbf-352037,Pedro Henrique,br-bragantino,1995-10-02,position,,,curadoria,,,
p-cbf-756141,Ryan,br-bragantino,2007-09-04,position,,,curadoria,,,
p-cbf-836425,samuel,br-bragantino,2009-09-20,position,,,curadoria,,,
p-cbf-295792,Sasha,br-bragantino,1992-02-24,position,,,curadoria,,,
p-cbf-894133,Weimar Palacios,br-bragantino,2006-10-17,position,,,curadoria,,,
p-cbf-648700,Yuri Alves,br-bragantino,2006-09-06,position,,,curadoria,,,
p-cbf-647831,Yuri Leles,br-bragantino,2007-04-17,position,,,curadoria,,,
p-cbf-376599,Bruno Leonardo,br-chapecoense,1996-06-02,position,,,curadoria,,,
p-cbf-456246,Edu Doma,br-chapecoense,1998-08-29,position,,,curadoria,,,
p-cbf-653742,Eduardo,br-chapecoense,2006-04-07,position,,,curadoria,,,
p-cbf-567979,Enio,br-chapecoense,2001-03-03,position,,,curadoria,,,
p-cbf-427004,Higor,br-chapecoense,1994-06-23,position,,,curadoria,,,
p-cbf-655546,Italo,br-chapecoense,2002-10-13,position,,,curadoria,,,
p-cbf-292976,Jean Carlos,br-chapecoense,1992-02-15,position,,,curadoria,,,
p-cbf-753103,João Bom,br-chapecoense,2005-05-21,position,,,curadoria,,,
p-cbf-420186,Joao Vitor,br-chapecoense,1998-03-31,position,,,curadoria,,,
p-cbf-739927,JUAN,br-chapecoense,2005-11-13,position,,,curadoria,,,
p-cbf-736793,Kassio,br-chapecoense,2006-03-17,position,,,curadoria,,,
p-cbf-646465,LUCIANO,br-chapecoense,2006-11-08,position,,,curadoria,,,
p-cbf-588139,Mailson,br-chapecoense,2003-05-11,position,,,curadoria,,,
p-cbf-374251,Marcos Vinicius,br-chapecoense,1997-03-26,position,,,curadoria,,,
p-cbf-383352,Neto,br-chapecoense,1994-05-16,position,,,curadoria,,,
p-cbf-419436,Pedro,br-chapecoense,1997-11-22,position,,,curadoria,,,
p-cbf-677252,RODRIGO ENDRIO,br-chapecoense,2007-07-03,position,,,curadoria,,,
p-cbf-674429,TULIO OLIVEIRA,br-chapecoense,2004-10-27,position,,,curadoria,,,
p-cbf-881479,Walter Clar,br-chapecoense,1994-09-27,position,,,curadoria,,,
p-cbf-764760,Wellington,br-chapecoense,2007-04-14,position,,,curadoria,,,
p-cbf-548697,Wermeson,br-chapecoense,2001-02-16,position,,,curadoria,,,
p-cbf-313329,Andre,br-corinthians,1992-02-16,position,,,curadoria,,,
p-cbf-694372,André,br-corinthians,2006-06-20,position,,,curadoria,,,
p-cbf-693928,Bahia,br-corinthians,2006-01-02,position,,,curadoria,,,
p-cbf-710356,Guilherme,br-corinthians,2007-02-06,position,,,curadoria,,,
p-cbf-186450,Gustavo,br-corinthians,1993-03-24,position,,,curadoria,,,
p-cbf-745789,Gustavo Milani,br-corinthians,2009-03-02,position,,,curadoria,,,
p-cbf-755077,João Vitor,br-corinthians,2007-01-03,position,,,curadoria,,,
p-cbf-710292,Luiz,br-corinthians,2007-07-13,position,,,curadoria,,,
p-cbf-693871,Matheus Corrêa,br-corinthians,2006-01-31,position,,,curadoria,,,
p-cbf-710269,Nícollas Melo,br-corinthians,2008-06-13,position,,,curadoria,,,
p-cbf-675360,Yago,br-corinthians,2007-02-06,position,,,curadoria,,,
p-cbf-622924,Brayan Felipi,br-coritiba,2006-02-03,position,,,curadoria,,,
p-cbf-894379,David,br-coritiba,2008-02-04,position,,,curadoria,,,
p-cbf-770703,Enzo,br-coritiba,2006-07-28,position,,,curadoria,,,
p-cbf-621412,Felipe Guimaraes,br-coritiba,2004-04-08,position,,,curadoria,,,
p-cbf-399713,Fernando,br-coritiba,1994-12-17,position,,,curadoria,,,
p-cbf-766043,Gabriel Ibson,br-coritiba,2008-03-25,position,,,curadoria,,,
p-cbf-565654,Jean Gabriel,br-coritiba,2003-02-15,position,,,curadoria,,,
p-cbf-682522,João Almeida,br-coritiba,2006-01-16,position,,,curadoria,,,
p-cbf-771617,Khensane,br-coritiba,2009-01-30,position,,,curadoria,,,
p-cbf-720598,Lucas Crepaldi,br-coritiba,2007-06-18,position,,,curadoria,,,
p-cbf-741404,Matheus Dias,br-coritiba,2007-08-09,position,,,curadoria,,,
p-cbf-783825,Ruan Matheus,br-coritiba,2009-07-09,position,,,curadoria,,,
p-cbf-334881,Willian Oliveira,br-coritiba,1993-05-16,position,,,curadoria,,,
p-cbf-716587,Alessandro,br-cruzeiro,2007-08-22,position,,,curadoria,,,
p-cbf-651758,Bruno Alves,br-cruzeiro,2005-08-04,position,,,curadoria,,,
p-cbf-372030,Chico,br-cruzeiro,1995-05-05,position,,,curadoria,,,
p-cbf-546294,Christian,br-cruzeiro,2000-12-19,position,,,curadoria,,,
p-cbf-714637,Felipe de Morais,br-cruzeiro,2008-08-29,position,,,curadoria,,,
p-cbf-689416,JOSE,br-cruzeiro,2005-08-31,position,,,curadoria,,,
p-cbf-541008,Kaiki Bruno,br-cruzeiro,2003-03-08,position,,,curadoria,,,
p-cbf-717793,Kauã Prates,br-cruzeiro,2008-08-12,position,,,curadoria,,,
p-cbf-707288,Murilo,br-cruzeiro,2006-03-13,position,,,curadoria,,,
p-cbf-309438,William,br-cruzeiro,1995-04-03,position,,,curadoria,,,
p-cbf-724749,William,br-cruzeiro,2006-02-11,position,,,curadoria,,,
p-cbf-829578,Alan Santos,br-flamengo,2007-05-10,position,,,curadoria,,,
p-cbf-646442,Caio,br-flamengo,2007-05-26,position,,,curadoria,,,
p-cbf-925353,Carrascal,br-flamengo,1998-05-25,position,,,curadoria,,,
p-cbf-726033,Daniel Sales,br-flamengo,2006-06-23,position,,,curadoria,,,
p-cbf-718394,Daniel Silva,br-flamengo,2009-03-31,position,,,curadoria,,,
p-cbf-731215,Douglas Telles,br-flamengo,2007-06-01,position,,,curadoria,,,
p-cbf-686967,Guilherme,br-flamengo,2006-02-02,position,,,curadoria,,,
p-cbf-673275,Johnny,br-flamengo,2007-03-27,position,,,curadoria,,,
p-cbf-305435,Jorge,br-flamengo,1991-12-20,position,,,curadoria,,,
p-cbf-712568,Josmar,br-flamengo,2008-09-22,position,,,curadoria,,,
p-cbf-689168,Lorran,br-flamengo,2006-07-04,position,,,curadoria,,,
p-cbf-703955,Luiz Felipe,br-flamengo,2008-02-08,position,,,curadoria,,,
p-cbf-675359,Pablo,br-flamengo,2007-04-12,position,,,curadoria,,,
p-cbf-647855,Davi Schuindt,br-fluminense,2004-04-26,position,,,curadoria,,,
p-cbf-875073,Facundo Bernal,br-fluminense,2003-08-21,position,,,curadoria,,,
p-cbf-713907,Keven Samuel,br-fluminense,2007-01-26,position,,,curadoria,,,
p-cbf-898679,Lezcano,br-fluminense,2004-02-09,position,,,curadoria,,,
p-cbf-712454,Matheus Reis,br-fluminense,2007-04-02,position,,,curadoria,,,
p-cbf-714109,Naarã,br-fluminense,2008-01-12,position,,,curadoria,,,
p-cbf-714321,Ruan Sales,br-fluminense,2008-06-09,position,,,curadoria,,,
p-cbf-927168,Santi Moreno,br-fluminense,2000-04-21,position,,,curadoria,,,
p-cbf-714278,Wesley Natã,br-fluminense,2008-04-18,position,,,curadoria,,,
p-cbf-646081,Andre,br-gremio,2001-12-17,position,,,curadoria,,,
p-cbf-871731,Aravena,br-gremio,2002-09-06,position,,,curadoria,,,
p-cbf-793449,Cristaldo,br-gremio,1996-08-15,position,,,curadoria,,,
p-cbf-541232,Cuellar,br-gremio,1992-10-14,position,,,curadoria,,,
p-cbf-745907,Gabriel Mec,br-gremio,2008-04-11,position,,,curadoria,,,
p-cbf-718328,Jefinho,br-gremio,2006-12-14,position,,,curadoria,,,
p-cbf-945572,Leo Perez,br-gremio,2004-08-09,position,,,curadoria,,,
p-cbf-871255,Monsalve,br-gremio,2004-02-27,position,,,curadoria,,,
p-cbf-819942,R. Ely,br-gremio,1993-11-03,position,,,curadoria,,,
p-cbf-691211,Viery,br-gremio,2005-01-02,position,,,curadoria,,,
p-cbf-746007,Vitor Ramon,br-gremio,2008-01-15,position,,,curadoria,,,
p-cbf-780918,Vitor Wachter,br-gremio,2009-01-20,position,,,curadoria,,,
p-cbf-653500,Zortéa,br-gremio,2007-03-21,position,,,curadoria,,,
p-cbf-920512,Alan Benitez,br-internacional,1994-01-25,position,,,curadoria,,,
p-cbf-925523,Alan Rodriguez,br-internacional,2000-01-25,position,,,curadoria,,,
p-cbf-722506,Alisson,br-internacional,2008-07-31,position,,,curadoria,,,
p-cbf-708287,Allex,br-internacional,2006-05-04,position,,,curadoria,,,
p-cbf-881555,Benjamin,br-internacional,2006-05-29,position,,,curadoria,,,
p-cbf-840680,Borre,br-internacional,1995-09-15,position,,,curadoria,,,
p-cbf-391019,Bruno Tabata,br-internacional,1997-03-30,position,,,curadoria,,,
p-cbf-441638,Clayton,br-internacional,2000-04-04,position,,,curadoria,,,
p-cbf-699508,Dalla Corte,br-internacional,2006-06-07,position,,,curadoria,,,
p-cbf-757166,Fabricio Prado,br-internacional,2009-09-28,position,,,curadoria,,,
p-cbf-710916,Filipe Sirio,br-internacional,2007-01-26,position,,,curadoria,,,
p-cbf-748379,Gabriel,br-internacional,2008-04-23,position,,,curadoria,,,
p-cbf-689159,Gustavo Prado,br-internacional,2005-06-06,position,,,curadoria,,,
p-cbf-727764,João Bezerra,br-internacional,2009-06-29,position,,,curadoria,,,
p-cbf-793634,João Kempes,br-internacional,2009-04-25,position,,,curadoria,,,
p-cbf-830371,João Victor,br-internacional,2007-07-27,position,,,curadoria,,,
p-cbf-714477,Luiz Felipe,br-internacional,2006-05-19,position,,,curadoria,,,
p-cbf-776942,Pedro Kauã,br-internacional,2006-03-29,position,,,curadoria,,,
p-cbf-791045,Raykkonen,br-internacional,2008-07-13,position,,,curadoria,,,
p-cbf-979953,Tony Sanabria,br-internacional,1996-03-04,position,,,curadoria,,,
p-cbf-184041,Carlos,br-mirassol,1989-10-17,position,,,curadoria,,,
p-cbf-306773,Carlos Eduardo,br-mirassol,1990-08-15,position,,,curadoria,,,
p-cbf-408134,Carlos Eduardo,br-mirassol,1996-10-10,position,,,curadoria,,,
p-cbf-527047,Carroll,br-mirassol,1997-09-02,position,,,curadoria,,,
p-cbf-319888,Gabriel Pires,br-mirassol,1993-09-18,position,,,curadoria,,,
p-cbf-415027,Galdino,br-mirassol,1997-03-17,position,,,curadoria,,,
p-cbf-421778,Igor Carius,br-mirassol,1993-05-01,position,,,curadoria,,,
p-cbf-335012,Luiz Otavio,br-mirassol,1992-10-09,position,,,curadoria,,,
p-cbf-459744,Mugni,br-mirassol,1992-01-12,position,,,curadoria,,,
p-cbf-461356,Nathan Fogaca,br-mirassol,1999-06-09,position,,,curadoria,,,
p-cbf-522753,Rodrigo Antonio,br-mirassol,2000-04-21,position,,,curadoria,,,
p-cbf-434738,Rodrigues,br-mirassol,1997-10-10,position,,,curadoria,,,
p-cbf-309431,Victor,br-mirassol,1993-06-23,position,,,curadoria,,,
p-cbf-401167,Yuri Lara,br-mirassol,1994-04-20,position,,,curadoria,,,
p-cbf-621642,Allan,br-palmeiras,2004-04-19,position,,,curadoria,,,
p-cbf-730039,André Lucas,br-palmeiras,2006-01-22,position,,,curadoria,,,
p-cbf-708805,Aranha,br-palmeiras,2005-02-07,position,,,curadoria,,,
p-cbf-958650,CINONCELLI,br-palmeiras,2008-01-20,position,,,curadoria,,,
p-cbf-716816,Coutinho,br-palmeiras,2006-03-24,position,,,curadoria,,,
p-cbf-749014,Eduardo Conceição,br-palmeiras,2009-12-07,position,,,curadoria,,,
p-cbf-691671,Erick Belé,br-palmeiras,2007-01-21,position,,,curadoria,,,
p-cbf-731326,FELIPE GABRIEL,br-palmeiras,2006-01-02,position,,,curadoria,,,
p-cbf-691669,Heittor,br-palmeiras,2007-09-18,position,,,curadoria,,,
p-cbf-615363,Kaique,br-palmeiras,2003-04-16,position,,,curadoria,,,
p-cbf-718341,Kauan Lima,br-palmeiras,2007-02-14,position,,,curadoria,,,
p-cbf-943438,Kone,br-palmeiras,2007-10-20,position,,,curadoria,,,
p-cbf-691624,Luighi,br-palmeiras,2006-04-30,position,,,curadoria,,,
p-cbf-699165,Luis Pacheco,br-palmeiras,2008-02-02,position,,,curadoria,,,
p-cbf-709909,Luiz Felipe,br-palmeiras,2007-03-01,position,,,curadoria,,,
p-cbf-308405,Raphael Veiga,br-palmeiras,1995-06-19,position,,,curadoria,,,
p-cbf-696681,Riquelme,br-palmeiras,2006-09-15,position,,,curadoria,,,
p-cbf-787804,Robson,br-palmeiras,2006-09-29,position,,,curadoria,,,
p-cbf-671670,Victor,br-palmeiras,2006-11-22,position,,,curadoria,,,
p-cbf-944227,BRAIAN CUFRE,br-remo,1996-12-15,position,,,curadoria,,,
p-cbf-691641,Cantillo,br-remo,1993-10-15,position,,,curadoria,,,
p-cbf-360911,Carlinhos,br-remo,1997-02-12,position,,,curadoria,,,
p-cbf-815856,Diego Hernandez,br-remo,2000-06-22,position,,,curadoria,,,
p-cbf-315101,Dodo,br-remo,1994-09-05,position,,,curadoria,,,
p-cbf-694544,Freitas,br-remo,2003-03-04,position,,,curadoria,,,
p-cbf-376246,Giovanni,br-remo,1996-11-22,position,,,curadoria,,,
p-cbf-930248,João Pedro,br-remo,1996-11-13,position,,,curadoria,,,
p-cbf-653267,Kayky Almeida,br-remo,2005-05-01,position,,,curadoria,,,
p-cbf-360293,Klaus,br-remo,1994-01-11,position,,,curadoria,,,
p-cbf-463599,Marrony,br-remo,1999-02-05,position,,,curadoria,,,
p-cbf-926305,Nicolas Ferreira,br-remo,2002-02-07,position,,,curadoria,,,
p-cbf-931376,Panagiots,br-remo,1991-02-15,position,,,curadoria,,,
p-cbf-453232,Patrick de Paula,br-remo,1999-09-08,position,,,curadoria,,,
p-cbf-755441,Paulo Sérgio Junior,br-remo,2006-09-21,position,,,curadoria,,,
p-cbf-944111,RAFAEL MONTI,br-remo,1999-12-08,position,,,curadoria,,,
p-cbf-376801,Savio,br-remo,1995-05-26,position,,,curadoria,,,
p-cbf-552216,Thalisson Gabriel,br-remo,2002-01-20,position,,,curadoria,,,
p-cbf-160408,Thiago,br-remo,1984-07-16,position,,,curadoria,,,
p-cbf-933266,Adonis Frías,br-santos,1998-03-17,position,,,curadoria,,,
p-cbf-933275,Alexis Duarte,br-santos,2000-03-12,position,,,curadoria,,,
p-cbf-882550,Davi Fernandes,br-santos,2008-07-27,position,,,curadoria,,,
p-cbf-294407,Joao Basso,br-santos,1997-01-13,position,,,curadoria,,,
p-cbf-693399,JP Chermont,br-santos,2006-01-18,position,,,curadoria,,,
p-cbf-868493,Lautaro,br-santos,1998-05-21,position,,,curadoria,,,
p-cbf-753549,Mateus Xavier,br-santos,2007-06-29,position,,,curadoria,,,
p-cbf-711368,Pradella,br-santos,2008-07-03,position,,,curadoria,,,
p-cbf-728441,Rafael Freitas,br-santos,2005-08-18,position,,,curadoria,,,
p-cbf-768336,Robinho Jr,br-santos,2007-12-17,position,,,curadoria,,,
p-cbf-694865,Samuel Pierre,br-santos,2008-01-30,position,,,curadoria,,,
p-cbf-694910,Vinicius Fabri,br-santos,2008-01-22,position,,,curadoria,,,
p-cbf-330886,Ze Rafael,br-santos,1993-06-16,position,,,curadoria,,,
p-cbf-793760,Alan Franco,br-sao-paulo,1996-10-11,position,,,curadoria,,,
p-cbf-335362,Daniel,br-sao-paulo,1994-11-04,position,,,curadoria,,,
p-cbf-528675,Felipe,br-sao-paulo,2004-05-14,position,,,curadoria,,,
p-cbf-714478,FELIPE,br-sao-paulo,2005-11-19,position,,,curadoria,,,
p-cbf-923426,Gonzalo Tapia,br-sao-paulo,2002-02-18,position,,,curadoria,,,
p-cbf-613698,Hugo,br-sao-paulo,2004-01-19,position,,,curadoria,,,
p-cbf-751698,Igor Felisberto,br-sao-paulo,2007-03-07,position,,,curadoria,,,
p-cbf-612137,João Moreira,br-sao-paulo,2004-05-21,position,,,curadoria,,,
p-cbf-534267,Maik,br-sao-paulo,2005-01-03,position,,,curadoria,,,
p-cbf-317379,Matheus,br-sao-paulo,1994-11-08,position,,,curadoria,,,
p-cbf-943636,Alan,br-vasco,2002-04-06,position,,,curadoria,,,
p-cbf-646440,Andrey,br-vasco,2008-02-05,position,,,curadoria,,,
p-cbf-656932,Bruno,br-vasco,2007-07-25,position,,,curadoria,,,
p-cbf-685625,Bruno André,br-vasco,2007-01-02,position,,,curadoria,,,
p-cbf-714472,Diego Minete,br-vasco,2009-01-27,position,,,curadoria,,,
p-cbf-646427,Euder,br-vasco,2005-03-18,position,,,curadoria,,,
p-cbf-647414,GB,br-vasco,2005-01-05,position,,,curadoria,,,
p-cbf-628715,Guilherme Estrella,br-vasco,2005-01-06,position,,,curadoria,,,
p-cbf-927926,Hinestroza,br-vasco,2002-09-12,position,,,curadoria,,,
p-cbf-380655,Hugo Moura,br-vasco,1998-01-03,position,,,curadoria,,,
p-cbf-609746,João Pedro,br-vasco,2005-04-19,position,,,curadoria,,,
p-cbf-983150,LESCANO,br-vasco,2001-11-11,position,,,curadoria,,,
p-cbf-897082,Loide,br-vasco,2000-02-26,position,,,curadoria,,,
p-cbf-708232,Lukas,br-vasco,2006-12-02,position,,,curadoria,,,
p-cbf-702345,Marino,br-vasco,2002-07-08,position,,,curadoria,,,
p-cbf-613444,Matheus França,br-vasco,2004-04-01,position,,,curadoria,,,
p-cbf-614903,PAULO,br-vasco,2004-06-29,position,,,curadoria,,,
p-cbf-689915,Phillipe Gabriel,br-vasco,2006-02-23,position,,,curadoria,,,
p-cbf-647772,RIQUELME AVELLAR,br-vasco,2006-03-08,position,,,curadoria,,,
p-cbf-925556,Aitor,br-vitoria,1996-02-10,position,,,curadoria,,,
p-cbf-926605,Alejandro,br-vitoria,2006-12-02,position,,,curadoria,,,
p-cbf-630439,Cauan,br-vitoria,2006-10-03,position,,,curadoria,,,
p-cbf-532649,Claudinho,br-vitoria,2000-09-24,position,,,curadoria,,,
p-cbf-509619,Edu,br-vitoria,2000-06-16,position,,,curadoria,,,
p-cbf-719395,Ezequiel,br-vitoria,2006-07-21,position,,,curadoria,,,
p-cbf-529523,Fabricio,br-vitoria,2000-10-08,position,,,curadoria,,,
p-cbf-739002,GEAN,br-vitoria,2007-06-11,position,,,curadoria,,,
p-cbf-804233,HIAGO,br-vitoria,2006-01-21,position,,,curadoria,,,
p-cbf-630242,Luis Miguel,br-vitoria,2005-02-04,position,,,curadoria,,,
p-cbf-333318,Neris,br-vitoria,1992-06-17,position,,,curadoria,,,
p-cbf-646233,PABLO,br-vitoria,2003-08-03,position,,,curadoria,,,
p-cbf-922981,Renzo,br-vitoria,1994-04-16,position,,,curadoria,,,
p-cbf-433577,Riccieli,br-vitoria,1998-09-17,position,,,curadoria,,,
p-cbf-383384,Ronald,br-vitoria,1997-06-18,position,,,curadoria,,,
p-cbf-780888,WANDERSON,br-vitoria,2008-08-07,position,,,curadoria,,,
p-cbf-646918,Zé Breno,br-vitoria,2004-06-06,position,,,curadoria,,,
